{"loss": [1.0044676065444946, 0.9628856778144836, 0.954010546207428, 0.9407037496566772, 0.9224926829338074, 0.9080049991607666, 0.8958563208580017, 0.8843253254890442, 0.873681366443634, 0.866436779499054, 0.8614922165870667, 0.857702374458313, 0.8543738722801208, 0.8509376645088196, 0.8496902585029602, 0.8475316762924194, 0.8457688689231873, 0.844994068145752, 0.8431998491287231, 0.8420438170433044, 0.8421944379806519, 0.8404420614242554, 0.8395003080368042, 0.8389467000961304, 0.8383637070655823], "accuracy": [0.49418213963508606, 0.5140503644943237, 0.5234593152999878, 0.5348016023635864, 0.5450469255447388, 0.5525801181793213, 0.5601983070373535, 0.5652798414230347, 0.5705286860466003, 0.5731942653656006, 0.576959490776062, 0.5782977342605591, 0.580318808555603, 0.5817613005638123, 0.5829377770423889, 0.5834450721740723, 0.5847723484039307, 0.5838481783866882, 0.5857651233673096, 0.5869689583778381, 0.587117075920105, 0.5873144865036011, 0.5885348320007324, 0.5888392329216003, 0.5897716283798218], "val_loss": [0.9506127238273621, 0.9429864883422852, 0.9331340789794922, 0.90628582239151, 0.8973827362060547, 0.8670302629470825, 0.8697318434715271, 0.8569203019142151, 0.8473491072654724, 0.8705989122390747, 0.8693872690200806, 0.9235677123069763, 0.9175503849983215, 0.9471549987792969, 0.9669761657714844, 0.9814372062683105, 0.9399067163467407, 0.9487254619598389, 0.9856555461883545, 0.9736575484275818, 0.9455070495605469, 0.9854755997657776, 0.9827871918678284, 0.9746795892715454, 0.987236499786377], "val_accuracy": [0.5229586362838745, 0.5279167294502258, 0.5376793742179871, 0.5547584295272827, 0.5582357048988342, 0.5772563815116882, 0.5750076770782471, 0.579450249671936, 0.5829274654388428, 0.5740204453468323, 0.5726822018623352, 0.5603308081626892, 0.563797116279602, 0.5565354824066162, 0.5600456595420837, 0.5551972389221191, 0.5593326091766357, 0.5659360885620117, 0.5552520751953125, 0.5527181625366211, 0.5710148811340332, 0.5572265386581421, 0.562919557094574, 0.5661116242408752, 0.5647404789924622]}