{"loss": [1.004298448562622, 0.9571450352668762, 0.9313936829566956, 0.9069135785102844, 0.8981256484985352, 0.8831484317779541, 0.8735585808753967, 0.8641966581344604, 0.8602035045623779, 0.8534169793128967, 0.8458482027053833, 0.8403105139732361, 0.8366000652313232, 0.8344995975494385, 0.8315518498420715, 0.8288208246231079, 0.8274025321006775, 0.824953019618988, 0.823172390460968, 0.8204658627510071, 0.8175740242004395, 0.8139938712120056, 0.8117061853408813, 0.8093686103820801, 0.8081358075141907], "accuracy": [0.49663105607032776, 0.5218715071678162, 0.541185736656189, 0.5549495220184326, 0.5614844560623169, 0.5704519152641296, 0.5744118094444275, 0.58026123046875, 0.5830392241477966, 0.5873309969902039, 0.5915788412094116, 0.5939784049987793, 0.595360517501831, 0.5964437127113342, 0.5974830985069275, 0.6004968881607056, 0.6005517840385437, 0.6019201874732971, 0.6027703285217285, 0.6041332483291626, 0.6053727865219116, 0.6074898838996887, 0.6081809401512146, 0.6091572046279907, 0.6098071336746216], "val_loss": [0.9552742838859558, 0.9257383346557617, 0.9028971791267395, 0.8999267220497131, 0.8679179549217224, 0.8667380213737488, 0.8457006216049194, 0.8387698531150818, 0.8799312710762024, 0.8689466118812561, 0.9970846772193909, 1.0880227088928223, 1.1994038820266724, 1.2006040811538696, 1.3095734119415283, 1.166866660118103, 1.0373469591140747, 1.0797733068466187, 1.1737773418426514, 1.0157195329666138, 1.2353731393814087, 1.0810869932174683, 1.276669979095459, 1.1906121969223022, 1.1592000722885132], "val_accuracy": [0.5216313600540161, 0.5445241332054138, 0.5563270449638367, 0.5609450936317444, 0.5842547416687012, 0.5731757879257202, 0.5959041118621826, 0.5926352739334106, 0.552553653717041, 0.5753477215766907, 0.5324799418449402, 0.5251414775848389, 0.5226405262947083, 0.5120113492012024, 0.4761199653148651, 0.5111886262893677, 0.5266662240028381, 0.5358913540840149, 0.51905357837677, 0.5440195798873901, 0.5041244626045227, 0.5407397747039795, 0.4665328562259674, 0.5118687152862549, 0.5265236496925354]}