{"loss": [0.9704571962356567, 0.8735093474388123, 0.8031481504440308, 0.7629083395004272, 0.7213749289512634, 0.6781643629074097, 0.6329275965690613, 0.586012601852417, 0.5509446859359741, 0.5219388008117676, 0.49766966700553894, 0.4762754440307617, 0.45761600136756897, 0.4422893226146698, 0.4283490478992462, 0.4171118140220642, 0.40553227066993713, 0.3945152461528778, 0.3865070343017578, 0.376209020614624, 0.3681916892528534, 0.36143702268600464, 0.35496819019317627, 0.34765419363975525, 0.3419778347015381], "accuracy": [0.508327066898346, 0.5770362615585327, 0.6145595908164978, 0.635938823223114, 0.6603894829750061, 0.6848016977310181, 0.7088026404380798, 0.7335439324378967, 0.7519367933273315, 0.7657663822174072, 0.7778353691101074, 0.7876830697059631, 0.7967711687088013, 0.8039368987083435, 0.8105815649032593, 0.8164035677909851, 0.822039008140564, 0.8267970085144043, 0.8307102918624878, 0.8352927565574646, 0.8395076990127563, 0.8421704769134521, 0.8451980352401733, 0.8486917614936829, 0.8521662950515747], "val_loss": [0.9298791885375977, 0.814609944820404, 0.7758670449256897, 0.7558943629264832, 0.7015182375907898, 0.6735702753067017, 0.6078054308891296, 0.6234546303749084, 0.548824667930603, 0.5184808969497681, 0.5167261362075806, 0.5032106637954712, 0.47583046555519104, 0.46620407700538635, 0.45122671127319336, 0.44169336557388306, 0.43759843707084656, 0.4360966980457306, 0.4310693144798279, 0.4285305440425873, 0.4107414186000824, 0.4302496314048767, 0.4106977581977844, 0.4087379276752472, 0.4121190011501312], "val_accuracy": [0.5391711592674255, 0.6109758019447327, 0.6302378177642822, 0.6459896564483643, 0.6690579652786255, 0.6900640726089478, 0.7242881059646606, 0.7169716358184814, 0.7524022459983826, 0.7663332223892212, 0.7687245011329651, 0.774483323097229, 0.7886117100715637, 0.7938769459724426, 0.8005243539810181, 0.8031240105628967, 0.8083124756813049, 0.8092997074127197, 0.8130621910095215, 0.8154425024986267, 0.8218924403190613, 0.8156179785728455, 0.8233513236045837, 0.8260607123374939, 0.8253806233406067]}