{"loss": [0.9750027656555176, 0.9291461706161499, 0.8612097501754761, 0.8148027658462524, 0.774869978427887, 0.7343329787254333, 0.6916872262954712, 0.6526549458503723, 0.6167556643486023, 0.5850817561149597, 0.5572185516357422, 0.5339896082878113, 0.5133880972862244, 0.49515604972839355, 0.4795941412448883, 0.46599116921424866, 0.4521992802619934, 0.44292861223220825, 0.43250831961631775, 0.4227082431316376, 0.41491711139678955, 0.4071230888366699, 0.39949795603752136, 0.39359596371650696, 0.3845919668674469], "accuracy": [0.5030508637428284, 0.5394635200500488, 0.5795509815216064, 0.6047146320343018, 0.6277227997779846, 0.6507309675216675, 0.674981415271759, 0.6964840292930603, 0.7165551781654358, 0.7336591482162476, 0.7477684020996094, 0.7588968276977539, 0.7685855031013489, 0.7787211537361145, 0.7854480743408203, 0.7921091914176941, 0.7992420196533203, 0.8035173416137695, 0.8084178566932678, 0.8128220438957214, 0.8174730539321899, 0.8211532831192017, 0.8248993158340454, 0.8275291919708252, 0.8317441344261169], "val_loss": [0.9604113101959229, 0.8852661848068237, 0.8304608464241028, 0.7917368412017822, 0.770338773727417, 0.735630989074707, 0.6788218021392822, 0.6560365557670593, 0.616966187953949, 0.5792700052261353, 0.56009441614151, 0.5496038198471069, 0.5247455835342407, 0.5140628814697266, 0.5232210159301758, 0.47551122307777405, 0.47608864307403564, 0.48803383111953735, 0.4903046786785126, 0.4882940948009491, 0.4649963676929474, 0.4506939947605133, 0.4555443227291107, 0.4693482518196106, 0.45612338185310364], "val_accuracy": [0.5072945356369019, 0.5684041976928711, 0.5986354351043701, 0.6187310814857483, 0.6323219537734985, 0.6529002785682678, 0.6840529441833496, 0.6970624327659607, 0.7167961001396179, 0.7366723418235779, 0.7480474710464478, 0.7558795213699341, 0.7651923894882202, 0.7727392315864563, 0.7704137563705444, 0.7909371852874756, 0.7914198637008667, 0.7858255505561829, 0.7849370241165161, 0.7894892692565918, 0.7968605756759644, 0.8059431314468384, 0.8044952154159546, 0.8010179400444031, 0.8057017922401428]}