{"loss": [0.9697233438491821, 0.8868978023529053, 0.815159022808075, 0.7698951959609985, 0.7269411683082581, 0.6810451745986938, 0.6331946849822998, 0.5948361158370972, 0.5612444877624512, 0.5339032411575317, 0.5072460174560547, 0.4867717921733856, 0.46828693151474, 0.4513808786869049, 0.43777963519096375, 0.4244734048843384, 0.4141159951686859, 0.40207064151763916, 0.3936440646648407, 0.38504183292388916, 0.37741950154304504, 0.3704381287097931, 0.3645411729812622, 0.35755690932273865, 0.3519468605518341], "accuracy": [0.5076195597648621, 0.5690176486968994, 0.6095630526542664, 0.6327083706855774, 0.6570218801498413, 0.6821005344390869, 0.7070173621177673, 0.7273737192153931, 0.7447134852409363, 0.7580823302268982, 0.7711413502693176, 0.7808052897453308, 0.7897014617919922, 0.7984521985054016, 0.8051298260688782, 0.811396062374115, 0.8164227604866028, 0.822039008140564, 0.826070249080658, 0.8300274610519409, 0.8341190218925476, 0.8370203971862793, 0.8397819399833679, 0.8431797027587891, 0.8454421162605286], "val_loss": [0.9502480030059814, 0.8307059407234192, 0.7886500358581543, 0.7509580850601196, 0.7144668102264404, 0.6569199562072754, 0.6185254454612732, 0.5897628664970398, 0.5589619278907776, 0.5263659954071045, 0.5309789180755615, 0.49230828881263733, 0.4991709291934967, 0.4725498557090759, 0.4583214521408081, 0.475191593170166, 0.4714638590812683, 0.4738653004169464, 0.43702661991119385, 0.4309060275554657, 0.42510515451431274, 0.4184732437133789, 0.41854146122932434, 0.4156373143196106, 0.3998904824256897], "val_accuracy": [0.531437873840332, 0.6002259850502014, 0.6236014366149902, 0.641064465045929, 0.6640231013298035, 0.6943420767784119, 0.7133517861366272, 0.7309573888778687, 0.7458536028862, 0.7640077471733093, 0.7645890712738037, 0.7800666689872742, 0.7796608209609985, 0.7918586134910583, 0.7973761558532715, 0.7893686294555664, 0.7965644598007202, 0.8003049492835999, 0.811285138130188, 0.8113510012626648, 0.814060389995575, 0.8200166821479797, 0.8183932304382324, 0.8218814730644226, 0.8296366930007935]}