{"loss": [0.9768775105476379], "accuracy": [0.5096050500869751], "val_loss": [0.9435557723045349], "val_accuracy": [0.5344324707984924]}